old_uuid,old_url,new_path,category
020b24ca-1231-4bdd-b05e-c76157f13bc3,https://smartdashs3120108-dev.s3.amazonaws.com/public/ORG%23DCTOURS/020b24ca-1231-4bdd-b05e-c76157f13bc3.webp,content/5-key-benefits-of-opting-for-a-private-night-bus-t-01.webp,content
0252031d-3318-4927-b346-d6641fee8439,https://smartdashs3120108-dev.s3.amazonaws.com/public/ORG%23DCTOURS/0252031d-3318-4927-b346-d6641fee8439.webp,content/fun-facts-about-washington-dc-01.webp,content
02c6872a-346c-4b2e-bdaa-377bf8970eef,https://smartdashs3120108-dev.s3.amazonaws.com/public/ORG%23DCTOURS/02c6872a-346c-4b2e-bdaa-377bf8970eef.jpg,content/about-01.jpg,content
032ccecf-ebbe-4e8d-bbfc-e266e2b02a3c,https://smartdashs3120108-dev.s3.amazonaws.com/public/ORG%23DCTOURS/032ccecf-ebbe-4e8d-bbfc-e266e2b02a3c.jpg,content/national-arboretum-azalea-collection-dc-tours-01.jpg,content
035b9c9e-f132-4b88-9818-998106b90076,https://smartdashs3120108-dev.s3.amazonaws.com/public/ORG%23DCTOURS/035b9c9e-f132-4b88-9818-998106b90076.jpg,content/presidential-legacy-tours-dc-01.jpg,content
04dbe122-beaf-44db-bc5f-d8947f5ce693,https://smartdashs3120108-dev.s3.amazonaws.com/public/ORG%23DCTOURS/04dbe122-beaf-44db-bc5f-d8947f5ce693.jpg,content/blog-01.jpg,content
06d665c4-1719-40d5-aa75-d93041cc4cf4,https://smartdashs3120108-dev.s3.amazonaws.com/public/ORG%23DCTOURS/06d665c4-1719-40d5-aa75-d93041cc4cf4.webp,content/blog-02.webp,content
0833813e-ae61-4e42-84b4-61d3cc16611b,https://smartdashs3120108-dev.s3.amazonaws.com/public/ORG%23DCTOURS/0833813e-ae61-4e42-84b4-61d3cc16611b.jpg,content/ultimate-vip-experience-luxury-transportation-01.jpg,content
083847b0-000c-43ba-9b25-0adab68345d8,https://smartdashs3120108-dev.s3.amazonaws.com/public/ORG%23DCTOURS/083847b0-000c-43ba-9b25-0adab68345d8.webp,content/militaryservice-01.webp,content
08830338-ed8f-4af4-bd14-f691e411b0da,https://smartdashs3120108-dev.s3.amazonaws.com/public/ORG%23DCTOURS/08830338-ed8f-4af4-bd14-f691e411b0da.jpg,content/washington-dc-holiday-events-guide-01.jpg,content
0935b2c9-a91a-416d-9629-4745f1eda5c1,https://smartdashs3120108-dev.s3.amazonaws.com/public/ORG%23SMARTDASH/0935b2c9-a91a-416d-9629-4745f1eda5c1.svg,icons/site-icon-01.svg,icons
0ae94183-4b0b-4862-a99b-8d84f3c701b0,https://smartdashs3120108-dev.s3.amazonaws.com/public/ORG%23DCTOURS/0ae94183-4b0b-4862-a99b-8d84f3c701b0.jpg,content/index-01.jpg,content
0b8daa29-a742-489b-9e81-7b1528768fd8,https://smartdashs3120108-dev.s3.amazonaws.com/public/ORG%23DCTOURS/0b8daa29-a742-489b-9e81-7b1528768fd8.webp,content/the-capital-at-night-captivating-sights-and-storie-01.webp,content
0c21abc5-c08a-40a4-9070-4d6c3072a9dc,https://smartdashs3120108-dev.s3.amazonaws.com/public/ORG%23DCTOURS/0c21abc5-c08a-40a4-9070-4d6c3072a9dc.jpg,content/infoandservice-01.jpg,content
0c87721b-2f28-4569-8b52-fc91a4b720b5,https://smartdashs3120108-dev.s3.amazonaws.com/public/ORG%23DCTOURS/0c87721b-2f28-4569-8b52-fc91a4b720b5.webp,content/7-must-see-historical-landmarks-on-a-dc-bus-tour-01.webp,content
0e56df82-d452-41a2-92f2-41c7e4be76fd,https://smartdashs3120108-dev.s3.amazonaws.com/public/ORG%23DCTOURS/0e56df82-d452-41a2-92f2-41c7e4be76fd.webp,content/fun-facts-about-washington-dc-02.webp,content
0ff2fa2a-2f38-4fce-85ab-2955c706f429,https://smartdashs3120108-dev.s3.amazonaws.com/public/ORG%23DCTOURS/0ff2fa2a-2f38-4fce-85ab-2955c706f429.jpg,content/dcservices-01.jpg,content
10997b3d-a62f-468c-bf2c-95e5137f0adb,https://smartdashs3120108-dev.s3.amazonaws.com/public/ORG%23DCTOURS/10997b3d-a62f-468c-bf2c-95e5137f0adb.jpg,content/dc-from-above-best-viewpoints-01.jpg,content
110976ad-14c8-427e-8360-6612ffcdc744,https://smartdashs3120108-dev.s3.amazonaws.com/public/ORG%23DCTOURS/110976ad-14c8-427e-8360-6612ffcdc744.jpg,content/blog-03.jpg,content
11188d86-6473-42df-9a25-60565afc3e54,https://smartdashs3120108-dev.s3.amazonaws.com/public/ORG%23DCTOURS/11188d86-6473-42df-9a25-60565afc3e54.jpg,content/contact-01.jpg,content
1130f48c-8c89-41df-aaa5-1b616271d567,https://smartdashs3120108-dev.s3.amazonaws.com/public/ORG%23DCTOURS/1130f48c-8c89-41df-aaa5-1b616271d567.jpg,content/memorial-day-events-washington-dc-tours-01.jpg,content
1369c15e-2844-4116-8baa-7277235e3b13,https://smartdashs3120108-dev.s3.amazonaws.com/public/ORG%23DCTOURS/1369c15e-2844-4116-8baa-7277235e3b13.webp,content/day-trips-landmarks-near-washington-dc-01.webp,content
136f2eed-8ed5-44f7-9402-373bea9fca4b,https://smartdashs3120108-dev.s3.amazonaws.com/public/ORG%23DCTOURS/136f2eed-8ed5-44f7-9402-373bea9fca4b.jpg,content/index-02.jpg,content
13e423c2-fa74-4495-80dc-a4d6129a53b5,https://smartdashs3120108-dev.s3.amazonaws.com/public/ORG%23DCTOURS/13e423c2-fa74-4495-80dc-a4d6129a53b5.png,content/notfound-01.png,content
14f5ea5e-32ca-4f8a-81fa-147c13f69df5,https://smartdashs3120108-dev.s3.amazonaws.com/public/ORG%23DCTOURS/14f5ea5e-32ca-4f8a-81fa-147c13f69df5.jpg,content/dc-night-bus-tours-moonlight-01.jpg,content
18feaab6-76cf-4b4e-8955-d8621199247f,https://smartdashs3120108-dev.s3.amazonaws.com/public/ORG%23DCTOURS/18feaab6-76cf-4b4e-8955-d8621199247f.jpg,content/index-03.jpg,content
19fa6a4c-fece-4097-9403-0dd85ae922ee,https://smartdashs3120108-dev.s3.amazonaws.com/public/ORG%23DCTOURS/19fa6a4c-fece-4097-9403-0dd85ae922ee.jpg,content/january-indoor-activities-01.jpg,content
1a2a2fa4-b352-401a-b50f-857213e390f5,https://smartdashs3120108-dev.s3.amazonaws.com/public/ORG%23DCTOURS/1a2a2fa4-b352-401a-b50f-857213e390f5.gif,content/about-02.gif,content
1b39d5d7-e6b5-47b0-b64a-26e75194176b,https://smartdashs3120108-dev.s3.amazonaws.com/public/ORG%23DCTOURS/1b39d5d7-e6b5-47b0-b64a-26e75194176b.webp,content/the-capital-at-night-captivating-sights-and-storie-02.webp,content
1bc26307-4115-4c0f-9280-de1deb1af1eb,https://smartdashs3120108-dev.s3.amazonaws.com/public/ORG%23DCTOURS/1bc26307-4115-4c0f-9280-de1deb1af1eb.jpg,content/toursatnight-01.jpg,content
1cf0ee57-6583-4d9c-8e68-4de379109dc5,https://smartdashs3120108-dev.s3.amazonaws.com/public/ORG%23DCTOURS/1cf0ee57-6583-4d9c-8e68-4de379109dc5.jpg,content/toursbyday-01.jpg,content
1e96306e-7bcd-4d73-b455-70b5741023cd,https://smartdashs3120108-dev.s3.amazonaws.com/public/ORG%23SMARTDASH/1e96306e-7bcd-4d73-b455-70b5741023cd.svg,icons/site-icon-02.svg,icons
1f1aeb99-076e-4036-910b-6190dbd98f89,https://smartdashs3120108-dev.s3.amazonaws.com/public/ORG%23DCTOURS/1f1aeb99-076e-4036-910b-6190dbd98f89.webp,content/about-03.webp,content
20c0c249-5fdd-41f6-8424-e9c7e4034a5d,https://smartdashs3120108-dev.s3.amazonaws.com/public/ORG%23DCTOURS/20c0c249-5fdd-41f6-8424-e9c7e4034a5d.jpg,content/privatedctours-01.jpg,content
2149ce46-b911-482c-b3da-85a4b663aaef,https://smartdashs3120108-dev.s3.amazonaws.com/public/ORG%23DCTOURS/2149ce46-b911-482c-b3da-85a4b663aaef.webp,content/beat-the-heat-your-ultimate-summer-packing-guide-f-01.webp,content
223af241-4d24-4fdd-85f7-8142934ddb18,https://smartdashs3120108-dev.s3.amazonaws.com/public/ORG%23SMARTDASH/223af241-4d24-4fdd-85f7-8142934ddb18.svg,content/dcservices-02.svg,branding
29ac2cbb-c2bb-4cb2-af30-42f096acc122,https://smartdashs3120108-dev.s3.amazonaws.com/public/ORG%23DCTOURS/29ac2cbb-c2bb-4cb2-af30-42f096acc122.jpg,content/about-04.jpg,content
2bdce05a-5976-4e92-a858-f23e8682a72a,https://smartdashs3120108-dev.s3.amazonaws.com/public/ORG%23DCTOURS/2bdce05a-5976-4e92-a858-f23e8682a72a.jpg,content/presidential-legacy-tours-dc-02.jpg,content
2c25a74c-f308-4f1b-91e3-18501170725b,https://smartdashs3120108-dev.s3.amazonaws.com/public/ORG%23DCTOURS/2c25a74c-f308-4f1b-91e3-18501170725b.webp,content/7-must-see-historical-landmarks-on-a-dc-bus-tour-02.webp,content
2c460c93-fc44-4533-9485-8eb3984d3874,https://smartdashs3120108-dev.s3.amazonaws.com/public/ORG%23DCTOURS/2c460c93-fc44-4533-9485-8eb3984d3874.jpg,content/militaryservice-02.jpg,content
2ca29333-8956-4b17-83d3-ad81067e6de1,https://smartdashs3120108-dev.s3.amazonaws.com/public/ORG%23DCTOURS/2ca29333-8956-4b17-83d3-ad81067e6de1.webp,content/blog-04.webp,content
2da2fb58-9cc6-4ab7-9c87-7f70d7dbc38b,https://smartdashs3120108-dev.s3.amazonaws.com/public/ORG%23DCTOURS/2da2fb58-9cc6-4ab7-9c87-7f70d7dbc38b.webp,content/fun-facts-about-washington-dc-03.webp,content
2ef265e2-9c20-497b-9c98-7eaf7f26a39f,https://smartdashs3120108-dev.s3.amazonaws.com/public/ORG%23DCTOURS/2ef265e2-9c20-497b-9c98-7eaf7f26a39f.webp,content/militaryservice-03.webp,content
2f92bda4-c8fd-4362-b3b7-31e4f9fa6320,https://smartdashs3120108-dev.s3.amazonaws.com/public/ORG%23DCTOURS/2f92bda4-c8fd-4362-b3b7-31e4f9fa6320.webp,content/digging-deeper-7-interesting-facts-about-arlington-01.webp,content
30e1f440-731e-460d-99bd-9ece4b1ca26d,https://smartdashs3120108-dev.s3.amazonaws.com/public/ORG%23DCTOURS/30e1f440-731e-460d-99bd-9ece4b1ca26d.jpg,content/index-04.jpg,content
3129e9fd-88bc-4822-bbb9-41fc77918ceb,https://smartdashs3120108-dev.s3.amazonaws.com/public/ORG%23DCTOURS/3129e9fd-88bc-4822-bbb9-41fc77918ceb.jpg,content/training-01.jpg,content
31524544-9d61-4e0e-bf95-3106fdb9183e,https://smartdashs3120108-dev.s3.amazonaws.com/public/ORG%23DCTOURS/31524544-9d61-4e0e-bf95-3106fdb9183e.jpg,content/us-capitol-secrets-facts-01.jpg,content
3369baaf-f215-40b6-96cc-293ec042c2a6,https://smartdashs3120108-dev.s3.amazonaws.com/public/ORG%23SMARTDASH/3369baaf-f215-40b6-96cc-293ec042c2a6.svg,icons/site-icon-03.svg,icons
35b336d3-6476-401e-a577-ea2c191ede6e,https://smartdashs3120108-dev.s3.amazonaws.com/public/ORG%23DCTOURS/35b336d3-6476-401e-a577-ea2c191ede6e.webp,content/customized-adventures-exploring-dc-through-private-01.webp,content
35c62da1-468a-4c5c-9a4f-36a163654d11,https://smartdashs3120108-dev.s3.amazonaws.com/public/ORG%23SMARTDASH/35c62da1-468a-4c5c-9a4f-36a163654d11.svg,icons/site-icon-04.svg,icons
362577e6-fdd6-4138-9b99-126e97829f22,https://smartdashs3120108-dev.s3.amazonaws.com/public/ORG%23DCTOURS/362577e6-fdd6-4138-9b99-126e97829f22.webp,content/about-05.webp,content
3d316f8b-b6a0-4926-b10e-dfe3a5275a7b,https://smartdashs3120108-dev.s3.amazonaws.com/public/ORG%23DCTOURS/3d316f8b-b6a0-4926-b10e-dfe3a5275a7b.jpg,content/index-05.jpg,content
3d48ff51-f5e4-4f34-bb65-8ec4004308e4,https://smartdashs3120108-dev.s3.amazonaws.com/public/ORG%23DCTOURS/3d48ff51-f5e4-4f34-bb65-8ec4004308e4.jpg,content/january-events-guide-01.jpg,content
3db6fff7-e08e-420d-acce-a8bb850fe4fe,https://smartdashs3120108-dev.s3.amazonaws.com/public/ORG%23DCTOURS/3db6fff7-e08e-420d-acce-a8bb850fe4fe.webp,content/about-06.webp,content
3dbc86ed-9287-4323-bae3-88e982e15b73,https://smartdashs3120108-dev.s3.amazonaws.com/public/ORG%23DCTOURS/3dbc86ed-9287-4323-bae3-88e982e15b73.jpg,content/toursatnight-02.jpg,content
3e125057-9677-43c9-b284-13007d324b04,https://smartdashs3120108-dev.s3.amazonaws.com/public/ORG%23DCTOURS/3e125057-9677-43c9-b284-13007d324b04.jpg,content/privatedctours-02.jpg,content
3f45b2ec-1bda-45d0-b6e0-09d87193d482,https://smartdashs3120108-dev.s3.amazonaws.com/public/ORG%23DCTOURS/3f45b2ec-1bda-45d0-b6e0-09d87193d482.jpg,content/blog-05.jpg,content
3fa6dd17-8667-4db9-bb60-e34b1298d4f7,https://smartdashs3120108-dev.s3.amazonaws.com/public/ORG%23DCTOURS/3fa6dd17-8667-4db9-bb60-e34b1298d4f7.webp,content/digging-deeper-7-interesting-facts-about-arlington-02.webp,content
40ffc357-97a1-4f5a-af75-e6c31e9f36b3,https://smartdashs3120108-dev.s3.amazonaws.com/public/ORG%23DCTOURS/40ffc357-97a1-4f5a-af75-e6c31e9f36b3.webp,content/smithsonian-splendors-exploring-d-c-s-museums-01.webp,content
43002c05-a5df-447a-9ff6-d1bf1b67330f,https://smartdashs3120108-dev.s3.amazonaws.com/public/ORG%23DCTOURS/43002c05-a5df-447a-9ff6-d1bf1b67330f.webp,content/about-07.webp,content
43884e1b-94ea-47cb-9b58-eefb8cb5cb44,https://smartdashs3120108-dev.s3.amazonaws.com/public/ORG%23DCTOURS/43884e1b-94ea-47cb-9b58-eefb8cb5cb44.webp,content/blog-06.webp,content
455af3e3-579f-4940-b9ec-e978913105b9,https://smartdashs3120108-dev.s3.amazonaws.com/public/ORG%23DCTOURS/455af3e3-579f-4940-b9ec-e978913105b9.webp,content/blog-07.webp,content
45925ff6-aef0-477a-9334-1d878a2d8606,https://smartdashs3120108-dev.s3.amazonaws.com/public/ORG%23DCTOURS/45925ff6-aef0-477a-9334-1d878a2d8606.jpg,content/blog-08.jpg,content
4b2ad50c-4a63-4f96-9732-88d22e34e9ac,https://smartdashs3120108-dev.s3.amazonaws.com/public/ORG%23DCTOURS/4b2ad50c-4a63-4f96-9732-88d22e34e9ac.jpg,content/guided-sightseeing-bus-tours-01.jpg,content
4be22536-2be2-4691-9412-eb522bd5ead8,https://smartdashs3120108-dev.s3.amazonaws.com/public/ORG%23DCTOURS/4be22536-2be2-4691-9412-eb522bd5ead8.webp,content/about-08.webp,content
4c711729-5323-4a69-963d-513601090fd0,https://smartdashs3120108-dev.s3.amazonaws.com/public/ORG%23DCTOURS/4c711729-5323-4a69-963d-513601090fd0.jpg,content/washington-dc-holiday-shows-guide-01.jpg,content
4ee29c12-a690-4d1b-8f4a-e1c65168f8e2,https://smartdashs3120108-dev.s3.amazonaws.com/public/ORG%23DCTOURS/4ee29c12-a690-4d1b-8f4a-e1c65168f8e2.webp,content/beat-the-heat-your-ultimate-summer-packing-guide-f-02.webp,content
4f3d8028-8fdc-4608-81d7-6f8d043c8332,https://smartdashs3120108-dev.s3.amazonaws.com/public/ORG%23DCTOURS/4f3d8028-8fdc-4608-81d7-6f8d043c8332.jpg,content/mlk-day-celebration-guide-01.jpg,content
4fef36de-a5d8-472b-a2dc-51940944d2ab,https://smartdashs3120108-dev.s3.amazonaws.com/public/ORG%23DCTOURS/4fef36de-a5d8-472b-a2dc-51940944d2ab.webp,content/customized-adventures-exploring-dc-through-private-02.webp,content
50a1c74c-3661-4c49-8c4b-1d1dbe5ee786,https://smartdashs3120108-dev.s3.amazonaws.com/public/ORG%23SMARTDASH/50a1c74c-3661-4c49-8c4b-1d1dbe5ee786.svg,icons/site-icon-05.svg,icons
50b8d9f7-edfd-4afc-9a90-c1f2c87f55ea,https://smartdashs3120108-dev.s3.amazonaws.com/public/ORG%23DCTOURS/50b8d9f7-edfd-4afc-9a90-c1f2c87f55ea.jpg,content/womens-history-dctours-2025-01.jpg,content
50dfee54-75cc-4b8f-a203-dd63b5db6a57,https://smartdashs3120108-dev.s3.amazonaws.com/public/ORG%23DCTOURS/50dfee54-75cc-4b8f-a203-dd63b5db6a57.jpg,content/dc-in-bloom-hidden-gardens-01.jpg,content
51ae5dcb-95e1-4e36-8dbf-43e2a488a97f,https://smartdashs3120108-dev.s3.amazonaws.com/public/ORG%23DCTOURS/51ae5dcb-95e1-4e36-8dbf-43e2a488a97f.jpg,content/blog-09.jpg,content
51fed172-5003-4751-9b3c-a33bb3359072,https://smartdashs3120108-dev.s3.amazonaws.com/public/ORG%23DCTOURS/51fed172-5003-4751-9b3c-a33bb3359072.jpg,content/blog-10.jpg,content
524b61af-3b9b-4001-96e1-a71468812f36,https://smartdashs3120108-dev.s3.amazonaws.com/public/ORG%23DCTOURS/524b61af-3b9b-4001-96e1-a71468812f36.webp,content/blog-11.webp,content
54f723e8-8b0a-4751-8ca0-e894fd7422a6,https://smartdashs3120108-dev.s3.amazonaws.com/public/ORG%23DCTOURS/54f723e8-8b0a-4751-8ca0-e894fd7422a6.jpg,content/blog-12.jpg,content
55476f1d-a20e-4915-ba8f-0a445ee22d2c,https://smartdashs3120108-dev.s3.amazonaws.com/public/ORG%23DCTOURS/55476f1d-a20e-4915-ba8f-0a445ee22d2c.jpg,content/training-02.jpg,content
558b87f8-8217-4c62-b8e0-96c93222784b,https://smartdashs3120108-dev.s3.amazonaws.com/public/ORG%23DCTOURS/558b87f8-8217-4c62-b8e0-96c93222784b.jpg,content/guided-sightseeing-bus-tours-02.jpg,content
57358e1b-918f-47d2-882a-9ea47751c195,https://smartdashs3120108-dev.s3.amazonaws.com/public/ORG%23DCTOURS/57358e1b-918f-47d2-882a-9ea47751c195.jpg,content/toursbymoonlight-01.jpg,content
59831127-0a4d-4554-b9ef-6cec84b4b01d,https://smartdashs3120108-dev.s3.amazonaws.com/public/ORG%23DCTOURS/59831127-0a4d-4554-b9ef-6cec84b4b01d.jpg,content/spring-memorials-museums-dc-tours-april-01.jpg,content
5b593f36-4e87-42ae-a6aa-492848373016,https://smartdashs3120108-dev.s3.amazonaws.com/public/ORG%23SMARTDASH/5b593f36-4e87-42ae-a6aa-492848373016.svg,icons/site-icon-06.svg,icons
5e7024e1-eeb5-4751-a763-b1e3d9bf8c19,https://smartdashs3120108-dev.s3.amazonaws.com/public/ORG%23DCTOURS/5e7024e1-eeb5-4751-a763-b1e3d9bf8c19.jpeg,content/black-history-month-tours-dc-01.jpeg,content
5ec17c42-8774-4f07-b553-4a421d6f023f,https://smartdashs3120108-dev.s3.amazonaws.com/public/ORG%23DCTOURS/5ec17c42-8774-4f07-b553-4a421d6f023f.jpg,content/onboarding-01.jpg,content
61a7064c-34a8-4009-825c-d9e0ccd33c3f,https://smartdashs3120108-dev.s3.amazonaws.com/public/ORG%23DCTOURS/61a7064c-34a8-4009-825c-d9e0ccd33c3f.jpg,content/winter-attractions-dc-01.jpg,content
632d1141-20f3-405d-99e6-03e95a647216,https://smartdashs3120108-dev.s3.amazonaws.com/public/ORG%23DCTOURS/632d1141-20f3-405d-99e6-03e95a647216.webp,content/5-of-the-most-popular-sights-to-see-in-washington--01.webp,content
64651cdc-9e7f-40cf-b4f3-f82a14aee2f2,https://smartdashs3120108-dev.s3.amazonaws.com/public/ORG%23DCTOURS/64651cdc-9e7f-40cf-b4f3-f82a14aee2f2.jpg,content/guided-sightseeing-bus-tours-03.jpg,content
64867981-baa2-4a7b-a518-11860bb2f7ae,https://smartdashs3120108-dev.s3.amazonaws.com/public/ORG%23DCTOURS/64867981-baa2-4a7b-a518-11860bb2f7ae.jpg,content/january-indoor-activities-02.jpg,content
6591c163-b8e4-4098-b10d-e377d0f7159b,https://smartdashs3120108-dev.s3.amazonaws.com/public/ORG%23SMARTDASH/6591c163-b8e4-4098-b10d-e377d0f7159b.svg,icons/site-icon-07.svg,icons
65c1a064-a420-4926-bc28-5dab5510b1bd,https://smartdashs3120108-dev.s3.amazonaws.com/public/ORG%23DCTOURS/65c1a064-a420-4926-bc28-5dab5510b1bd.webp,content/about-09.webp,content
65c902d4-86bd-4ffd-a0f8-c72388cad56c,https://smartdashs3120108-dev.s3.amazonaws.com/public/ORG%23DCTOURS/65c902d4-86bd-4ffd-a0f8-c72388cad56c.jpg,content/index-06.jpg,content
65e7725c-63a3-4de0-8f33-0d06390f5f41,https://smartdashs3120108-dev.s3.amazonaws.com/public/ORG%23DCTOURS/65e7725c-63a3-4de0-8f33-0d06390f5f41.jpg,content/national-arboretum-azalea-collection-dc-tours-02.jpg,content
66c7059b-8427-46a6-a6ea-f06f6b3fbd5c,https://smartdashs3120108-dev.s3.amazonaws.com/public/ORG%23DCTOURS/66c7059b-8427-46a6-a6ea-f06f6b3fbd5c.jpg,content/romantic-valentines-day-tours-01.jpg,content
68109ca1-cf0b-4622-b10f-d9d9f35405f5,https://smartdashs3120108-dev.s3.amazonaws.com/public/ORG%23DCTOURS/68109ca1-cf0b-4622-b10f-d9d9f35405f5.png,content/april-weatherproof-dc-bus-tour-01.png,content
682c37d7-2d6b-4d1f-9abb-3b3cc02300c7,https://smartdashs3120108-dev.s3.amazonaws.com/public/ORG%23DCTOURS/682c37d7-2d6b-4d1f-9abb-3b3cc02300c7.jpg,content/blog-13.jpg,content
6a8995bc-b2de-4231-9e04-2a3506745ec6,https://smartdashs3120108-dev.s3.amazonaws.com/public/ORG%23DCTOURS/6a8995bc-b2de-4231-9e04-2a3506745ec6.png,content/notfound-02.png,content
6b59db07-dfc6-4ea3-9383-8da7a9fe7887,https://smartdashs3120108-dev.s3.amazonaws.com/public/ORG%23DCTOURS/6b59db07-dfc6-4ea3-9383-8da7a9fe7887.webp,content/blog-14.webp,content
6c7f64b9-df80-4271-80b5-2a43329e9120,https://smartdashs3120108-dev.s3.amazonaws.com/public/ORG%23DCTOURS/6c7f64b9-df80-4271-80b5-2a43329e9120.jpg,content/blog-15.jpg,content
6d477e61-8267-461a-9388-10177d0d020b,https://smartdashs3120108-dev.s3.amazonaws.com/public/ORG%23DCTOURS/6d477e61-8267-461a-9388-10177d0d020b.jpg,content/winter-highlights-guide-01.jpg,content
6deaf8b9-bfce-477d-afb4-d41127923152,https://smartdashs3120108-dev.s3.amazonaws.com/public/ORG%23DCTOURS/6deaf8b9-bfce-477d-afb4-d41127923152.webp,content/blog-16.webp,content
6f468a4f-6cdd-47ea-bdf6-100fa4f13f68,https://smartdashs3120108-dev.s3.amazonaws.com/public/ORG%23DCTOURS/6f468a4f-6cdd-47ea-bdf6-100fa4f13f68.jpg,content/memorial-day-events-washington-dc-tours-02.jpg,content
6f46d255-a807-4343-a122-a304633c3a6b,https://smartdashs3120108-dev.s3.amazonaws.com/public/ORG%23DCTOURS/6f46d255-a807-4343-a122-a304633c3a6b.webp,content/winter-activities-and-events-to-enjoy-in-the-natio-01.webp,content
6f4aadb8-d8a8-4195-aaec-a7d45b04ef52,https://smartdashs3120108-dev.s3.amazonaws.com/public/ORG%23DCTOURS/6f4aadb8-d8a8-4195-aaec-a7d45b04ef52.jpg,content/toursbyday-02.jpg,content
6f867915-cceb-4de0-8e49-cb76484022c9,https://smartdashs3120108-dev.s3.amazonaws.com/public/ORG%23DCTOURS/6f867915-cceb-4de0-8e49-cb76484022c9.jpg,content/militaryservice-04.jpg,content
6fe38b50-0b1d-41ea-b078-2e85f6afa4c1,https://smartdashs3120108-dev.s3.amazonaws.com/public/ORG%23DCTOURS/6fe38b50-0b1d-41ea-b078-2e85f6afa4c1.webp,content/militaryservice-05.webp,content
70241010-fb9c-4951-9883-9d504596b66b,https://smartdashs3120108-dev.s3.amazonaws.com/public/ORG%23DCTOURS/70241010-fb9c-4951-9883-9d504596b66b.jpg,content/experienceinauguration-01.jpg,content
709f879a-1f7d-4a7e-9129-f6b625bb2e49,https://smartdashs3120108-dev.s3.amazonaws.com/public/ORG%23DCTOURS/709f879a-1f7d-4a7e-9129-f6b625bb2e49.jpg,content/black-history-month-tours-dc-02.jpg,content
710dcb19-7411-42b9-bb83-f54dea0d6985,https://smartdashs3120108-dev.s3.amazonaws.com/public/ORG%23DCTOURS/710dcb19-7411-42b9-bb83-f54dea0d6985.jpg,content/dcservices-03.jpg,content
742e3c38-9c21-4252-895c-1279d9cf83b7,https://smartdashs3120108-dev.s3.amazonaws.com/public/ORG%23DCTOURS/742e3c38-9c21-4252-895c-1279d9cf83b7.jpg,content/custom-private-tour-washington-dc-guide-01.jpg,content
74542625-3ed3-4b2c-8cf4-042a158c38f3,https://smartdashs3120108-dev.s3.amazonaws.com/public/ORG%23DCTOURS/74542625-3ed3-4b2c-8cf4-042a158c38f3.webp,content/beat-the-heat-your-ultimate-summer-packing-guide-f-03.webp,content
74a70301-22a6-4821-82e2-d964b0ddafcf,https://smartdashs3120108-dev.s3.amazonaws.com/public/ORG%23DCTOURS/74a70301-22a6-4821-82e2-d964b0ddafcf.jpg,content/washington-dc-holiday-shows-guide-02.jpg,content
75e882cc-1df7-4bb6-b8c6-51a175cfc533,https://smartdashs3120108-dev.s3.amazonaws.com/public/ORG%23DCTOURS/75e882cc-1df7-4bb6-b8c6-51a175cfc533.webp,content/blog-17.webp,content
766b4434-419e-49c7-a17d-9c45255ac946,https://smartdashs3120108-dev.s3.amazonaws.com/public/ORG%23DCTOURS/766b4434-419e-49c7-a17d-9c45255ac946.jpg,content/training-03.jpg,content
77cdfc54-81d7-43f6-b440-29d5d053629c,https://smartdashs3120108-dev.s3.amazonaws.com/public/ORG%23DCTOURS/77cdfc54-81d7-43f6-b440-29d5d053629c.webp,content/toursatnight-03.webp,content
797659b2-3e93-46c5-bab6-87945504821d,https://smartdashs3120108-dev.s3.amazonaws.com/public/ORG%23DCTOURS/797659b2-3e93-46c5-bab6-87945504821d.webp,content/blog-18.webp,content
797a3c10-2633-4176-a20f-15f10fc02d26,https://smartdashs3120108-dev.s3.amazonaws.com/public/ORG%23DCTOURS/797a3c10-2633-4176-a20f-15f10fc02d26.jpg,content/contact-02.jpg,content
79ec971e-3c05-4ad2-91fd-813735b73115,https://smartdashs3120108-dev.s3.amazonaws.com/public/ORG%23DCTOURS/79ec971e-3c05-4ad2-91fd-813735b73115.webp,content/winter-activities-and-events-to-enjoy-in-the-natio-02.webp,content
7ba7c6ed-f4ee-4a34-a223-05ef5b049e7a,https://smartdashs3120108-dev.s3.amazonaws.com/public/ORG%23DCTOURS/7ba7c6ed-f4ee-4a34-a223-05ef5b049e7a.webp,content/about-10.webp,content
7c2e18d7-e23c-42f0-ab35-468a3db20e88,https://smartdashs3120108-dev.s3.amazonaws.com/public/ORG%23DCTOURS/7c2e18d7-e23c-42f0-ab35-468a3db20e88.jpg,content/training-04.jpg,content
7d2257db-a66a-4024-aae9-e41d6028ef70,https://smartdashs3120108-dev.s3.amazonaws.com/public/ORG%23DCTOURS/7d2257db-a66a-4024-aae9-e41d6028ef70.jpg,content/index-07.jpg,content
7db017a0-2e24-49eb-b32c-4f2a023ad576,https://smartdashs3120108-dev.s3.amazonaws.com/public/ORG%23DCTOURS/7db017a0-2e24-49eb-b32c-4f2a023ad576.jpg,content/blog-19.jpg,content
7f0e7349-d794-4260-8664-a137b94fbbb4,https://smartdashs3120108-dev.s3.amazonaws.com/public/ORG%23DCTOURS/7f0e7349-d794-4260-8664-a137b94fbbb4.webp,content/about-11.webp,content
801a372f-b127-4884-b0fa-fb6518aae350,https://smartdashs3120108-dev.s3.amazonaws.com/public/ORG%23DCTOURS/801a372f-b127-4884-b0fa-fb6518aae350.jpg,content/training-05.jpg,content
815c673f-20c3-4344-8d66-dc7e0f15f202,https://smartdashs3120108-dev.s3.amazonaws.com/public/ORG%23DCTOURS/815c673f-20c3-4344-8d66-dc7e0f15f202.jpg,content/dc-from-above-best-viewpoints-02.jpg,content
82ca4d56-8b1d-408c-9ec0-8906a1fb7b08,https://smartdashs3120108-dev.s3.amazonaws.com/public/ORG%23DCTOURS/82ca4d56-8b1d-408c-9ec0-8906a1fb7b08.jpg,content/index-08.jpg,content
85fe44aa-1824-4041-ab2d-1ec8c6a9cfc5,https://smartdashs3120108-dev.s3.amazonaws.com/public/ORG%23DCTOURS/85fe44aa-1824-4041-ab2d-1ec8c6a9cfc5.jpg,content/hidden-gardens-terraces-spring-dc-tours-01.jpg,content
86a8a6e8-7c47-43f6-beb4-391c192cb7f1,https://smartdashs3120108-dev.s3.amazonaws.com/public/ORG%23DCTOURS/86a8a6e8-7c47-43f6-beb4-391c192cb7f1.jpg,content/blog-20.jpg,content
87405e73-a517-4eca-a688-a1eb6c844172,https://smartdashs3120108-dev.s3.amazonaws.com/public/ORG%23DCTOURS/87405e73-a517-4eca-a688-a1eb6c844172.jpg,content/blog-21.jpg,content
87802c0d-2208-4ea9-8849-aed6e1ac7a81,https://smartdashs3120108-dev.s3.amazonaws.com/public/ORG%23DCTOURS/87802c0d-2208-4ea9-8849-aed6e1ac7a81.jpg,content/blog-22.jpg,content
87f887cf-39b2-4901-a6c2-0c8b32c1df75,https://smartdashs3120108-dev.s3.amazonaws.com/public/ORG%23DCTOURS/87f887cf-39b2-4901-a6c2-0c8b32c1df75.webp,content/blog-23.webp,content
8ab63d9f-640e-4944-9c51-6706883033a4,https://smartdashs3120108-dev.s3.amazonaws.com/public/ORG%23DCTOURS/8ab63d9f-640e-4944-9c51-6706883033a4.jpg,content/shuttle2-01.jpg,content
8d041cc8-d624-4cd5-aca0-8a42845913b7,https://smartdashs3120108-dev.s3.amazonaws.com/public/ORG%23DCTOURS/8d041cc8-d624-4cd5-aca0-8a42845913b7.webp,content/blog-24.webp,content
8de09d7d-4be7-4983-9c7f-955d28f12423,https://smartdashs3120108-dev.s3.amazonaws.com/public/ORG%23SMARTDASH/8de09d7d-4be7-4983-9c7f-955d28f12423.svg,content/dcservices-04.svg,branding
8e431861-7e2e-468a-9a86-a25e5df327d2,https://smartdashs3120108-dev.s3.amazonaws.com/public/ORG%23DCTOURS/8e431861-7e2e-468a-9a86-a25e5df327d2.jpg,content/index-09.jpg,content
92ed6bdf-8c85-482f-8aca-2252a4f523c0,https://smartdashs3120108-dev.s3.amazonaws.com/public/ORG%23DCTOURS/92ed6bdf-8c85-482f-8aca-2252a4f523c0.jpg,content/mlk-day-celebration-guide-02.jpg,content
9324b9cc-3958-4400-9ccc-e50a5dc856c7,https://smartdashs3120108-dev.s3.amazonaws.com/public/ORG%23DCTOURS/9324b9cc-3958-4400-9ccc-e50a5dc856c7.jpg,content/cherry-blossoms-dc-tours-april-01.jpg,content
95792425-6b19-4b9e-8158-4d12240dffa5,https://smartdashs3120108-dev.s3.amazonaws.com/public/ORG%23DCTOURS/95792425-6b19-4b9e-8158-4d12240dffa5.webp,content/about-12.webp,content
9766eaf1-e0e4-4218-9bfe-3fef4597cb0f,https://smartdashs3120108-dev.s3.amazonaws.com/public/ORG%23DCTOURS/9766eaf1-e0e4-4218-9bfe-3fef4597cb0f.jpg,content/dcservices-05.jpg,content
98bccba6-920a-4a6b-9461-e10e92da4eac,https://smartdashs3120108-dev.s3.amazonaws.com/public/ORG%23DCTOURS/98bccba6-920a-4a6b-9461-e10e92da4eac.webp,content/season-s-greetings-from-the-capital-dc-s-top-holid-01.webp,content
99a467cf-f603-4228-8248-76bff9e555de,https://smartdashs3120108-dev.s3.amazonaws.com/public/ORG%23SMARTDASH/99a467cf-f603-4228-8248-76bff9e555de.svg,icons/site-icon-08.svg,icons
9a059b6c-9051-4305-b78d-eacc91f91721,https://smartdashs3120108-dev.s3.amazonaws.com/public/ORG%23SMARTDASH/9a059b6c-9051-4305-b78d-eacc91f91721.svg,icons/site-icon-09.svg,icons
9a588056-50d2-4dc4-a1c6-269117f7967f,https://smartdashs3120108-dev.s3.amazonaws.com/public/ORG%23DCTOURS/9a588056-50d2-4dc4-a1c6-269117f7967f.jpg,content/us-capitol-secrets-facts-02.jpg,content
9b473ed4-96aa-4ecb-b31a-aab750ecccf6,https://smartdashs3120108-dev.s3.amazonaws.com/public/ORG%23DCTOURS/9b473ed4-96aa-4ecb-b31a-aab750ecccf6.jpg,content/vipservice-01.jpg,content
9c1ebb07-7a7a-4132-afce-fbf784611f67,https://smartdashs3120108-dev.s3.amazonaws.com/public/ORG%23DCTOURS/9c1ebb07-7a7a-4132-afce-fbf784611f67.jpg,content/dcservices-06.jpg,content
9c72137c-ef97-4f7f-8890-d102ab7c7c58,https://smartdashs3120108-dev.s3.amazonaws.com/public/ORG%23DCTOURS/9c72137c-ef97-4f7f-8890-d102ab7c7c58.jpg,content/dcservices-07.jpg,content
9c809a76-f920-44aa-8683-53aed74da5ee,https://smartdashs3120108-dev.s3.amazonaws.com/public/ORG%23DCTOURS/9c809a76-f920-44aa-8683-53aed74da5ee.jpg,content/onboarding-02.jpg,content
9cc16adf-3080-41ee-92aa-5f84c3df8e52,https://smartdashs3120108-dev.s3.amazonaws.com/public/ORG%23DCTOURS/9cc16adf-3080-41ee-92aa-5f84c3df8e52.jpg,content/blog-25.jpg,content
9cfe51db-eace-4eb3-a247-a072b2082c54,https://smartdashs3120108-dev.s3.amazonaws.com/public/ORG%23DCTOURS/9cfe51db-eace-4eb3-a247-a072b2082c54.jpg,content/family-holiday-activities-washington-dc-01.jpg,content
9dbad193-8b9f-4bd7-9df7-f0a88b3a694f,https://smartdashs3120108-dev.s3.amazonaws.com/public/ORG%23SMARTDASH/9dbad193-8b9f-4bd7-9df7-f0a88b3a694f.svg,icons/site-icon-10.svg,icons
9e54ca5d-65ff-4e15-b6f6-694cea859970,https://smartdashs3120108-dev.s3.amazonaws.com/public/ORG%23DCTOURS/9e54ca5d-65ff-4e15-b6f6-694cea859970.jpg,content/blog-26.jpg,content
9f5e3ca3-b531-41f2-aa4c-7420bc6d1a5c,https://smartdashs3120108-dev.s3.amazonaws.com/public/ORG%23DCTOURS/9f5e3ca3-b531-41f2-aa4c-7420bc6d1a5c.jpg,content/guided-sightseeing-bus-tours-04.jpg,content
9ff0c543-2413-4ace-a9bb-1d1b360867a0,https://smartdashs3120108-dev.s3.amazonaws.com/public/ORG%23DCTOURS/9ff0c543-2413-4ace-a9bb-1d1b360867a0.jpg,content/blog-27.jpg,content
a02789b8-10f3-4f68-b2b7-80296ec3a328,https://smartdashs3120108-dev.s3.amazonaws.com/public/ORG%23DCTOURS/a02789b8-10f3-4f68-b2b7-80296ec3a328.jpg,content/index-10.jpg,content
a0d8bd51-633d-478a-8990-cd759516831a,https://smartdashs3120108-dev.s3.amazonaws.com/public/ORG%23DCTOURS/a0d8bd51-633d-478a-8990-cd759516831a.webp,content/your-guide-to-blooming-springtime-adventures-in-dc-01.webp,content
a181212c-fe11-4959-afc9-eeaec927d12b,https://smartdashs3120108-dev.s3.amazonaws.com/public/ORG%23DCTOURS/a181212c-fe11-4959-afc9-eeaec927d12b.jpg,content/terms-of-service-01.jpg,content
a19c59f6-16dc-477c-b18f-4052a1d4f9b1,https://smartdashs3120108-dev.s3.amazonaws.com/public/ORG%23DCTOURS/a19c59f6-16dc-477c-b18f-4052a1d4f9b1.jpg,content/index-11.jpg,content
a28c8830-bc6a-4b4f-86a1-7bc99fa691f3,https://smartdashs3120108-dev.s3.amazonaws.com/public/ORG%23DCTOURS/a28c8830-bc6a-4b4f-86a1-7bc99fa691f3.jpg,content/womens-history-dctours-2025-02.jpg,content
a37b81e9-cf6f-4b72-87c7-56d8bea8e0f2,https://smartdashs3120108-dev.s3.amazonaws.com/public/ORG%23DCTOURS/a37b81e9-cf6f-4b72-87c7-56d8bea8e0f2.jpg,content/january-events-guide-02.jpg,content
a5c4a7d4-21ec-4766-8d1c-0d134b870575,https://smartdashs3120108-dev.s3.amazonaws.com/public/ORG%23DCTOURS/a5c4a7d4-21ec-4766-8d1c-0d134b870575.jpg,content/blog-28.jpg,content
a655f8f5-74bf-45e3-9810-775156391acb,https://smartdashs3120108-dev.s3.amazonaws.com/public/ORG%23DCTOURS/a655f8f5-74bf-45e3-9810-775156391acb.jpg,content/january-indoor-activities-03.jpg,content
a8b24f23-8ec1-48ce-8edd-ef50e22dc788,https://smartdashs3120108-dev.s3.amazonaws.com/public/ORG%23SMARTDASH/a8b24f23-8ec1-48ce-8edd-ef50e22dc788.svg,content/dcbustours-01.svg,branding
ab7e72b1-543a-410a-add2-b5e849f742f8,https://smartdashs3120108-dev.s3.amazonaws.com/public/ORG%23DCTOURS/ab7e72b1-543a-410a-add2-b5e849f742f8.jpg,content/spring-outdoor-spots-dc-2025-01.jpg,content
ac16adb3-b3ce-4f45-8ae6-5ceb8716fbb8,https://smartdashs3120108-dev.s3.amazonaws.com/public/ORG%23DCTOURS/ac16adb3-b3ce-4f45-8ae6-5ceb8716fbb8.jpg,content/dcservices-08.jpg,content
ac6a6b10-3e40-4faf-97c1-89604991b3b7,https://smartdashs3120108-dev.s3.amazonaws.com/public/ORG%23DCTOURS/ac6a6b10-3e40-4faf-97c1-89604991b3b7.png,content/experienceinauguration-02.png,content
ae263609-be9c-40de-839d-a2ce877b2bce,https://smartdashs3120108-dev.s3.amazonaws.com/public/ORG%23DCTOURS/ae263609-be9c-40de-839d-a2ce877b2bce.webp,content/washington-d-c-s-culinary-scene-tasting-the-capita-01.webp,content
ae27d04a-8aeb-43fe-8f04-b4862f871bf5,https://smartdashs3120108-dev.s3.amazonaws.com/public/ORG%23DCTOURS/ae27d04a-8aeb-43fe-8f04-b4862f871bf5.jpg,content/winter-attractions-dc-02.jpg,content
afd0c9c8-8674-46ed-ad18-a31ff74f2a3c,https://smartdashs3120108-dev.s3.amazonaws.com/public/ORG%23DCTOURS/afd0c9c8-8674-46ed-ad18-a31ff74f2a3c.webp,content/about-13.webp,content
afe8eb80-9a2b-4be7-b168-73e7baf9a564,https://smartdashs3120108-dev.s3.amazonaws.com/public/ORG%23DCTOURS/afe8eb80-9a2b-4be7-b168-73e7baf9a564.jpg,content/infoandservice-02.jpg,content
b05a2c3e-e461-47c8-bc3c-52a0f66df522,https://smartdashs3120108-dev.s3.amazonaws.com/public/ORG%23DCTOURS/b05a2c3e-e461-47c8-bc3c-52a0f66df522.jpg,content/romantic-valentines-day-tours-02.jpg,content
b08345fa-25ed-44f9-a2f3-34e76fe4cef6,https://smartdashs3120108-dev.s3.amazonaws.com/public/ORG%23DCTOURS/b08345fa-25ed-44f9-a2f3-34e76fe4cef6.webp,content/fun-facts-about-washington-dc-04.webp,content
b0db443e-ee54-49c5-bdb6-da52a9d611bb,https://smartdashs3120108-dev.s3.amazonaws.com/public/ORG%23DCTOURS/b0db443e-ee54-49c5-bdb6-da52a9d611bb.jpg,content/index-12.jpg,content
b1b71941-4e80-434c-9ea2-e727f05c9fb1,https://smartdashs3120108-dev.s3.amazonaws.com/public/ORG%23DCTOURS/b1b71941-4e80-434c-9ea2-e727f05c9fb1.jpg,content/blog-29.jpg,content
b4995aee-4e0a-437e-af7f-7ddd7f2f1a07,https://smartdashs3120108-dev.s3.amazonaws.com/public/ORG%23DCTOURS/b4995aee-4e0a-437e-af7f-7ddd7f2f1a07.jpg,content/romantic-valentines-day-tours-03.jpg,content
b73f5ac7-a57b-483b-ad02-408c0145f303,https://smartdashs3120108-dev.s3.amazonaws.com/public/ORG%23DCTOURS/b73f5ac7-a57b-483b-ad02-408c0145f303.webp,content/about-14.webp,content
b79916d1-e85c-4dcb-abb8-14714de57f52,https://smartdashs3120108-dev.s3.amazonaws.com/public/ORG%23DCTOURS/b79916d1-e85c-4dcb-abb8-14714de57f52.jpg,content/index-13.jpg,content
b7dfa753-b03e-44d6-ba07-2953a0706155,https://smartdashs3120108-dev.s3.amazonaws.com/public/ORG%23DCTOURS/b7dfa753-b03e-44d6-ba07-2953a0706155.webp,content/blog-30.webp,content
bb246264-7548-4d58-b9fb-6b0a7aa5d216,https://smartdashs3120108-dev.s3.amazonaws.com/public/ORG%23DCTOURS/bb246264-7548-4d58-b9fb-6b0a7aa5d216.jpg,content/guided-sightseeing-bus-tours-05.jpg,content
bc5f3602-d607-4df5-943b-f5846b4e79d3,https://smartdashs3120108-dev.s3.amazonaws.com/public/ORG%23DCTOURS/bc5f3602-d607-4df5-943b-f5846b4e79d3.png,content/experienceinauguration-03.png,content
bcc0be64-0821-46e4-9514-e7d484216c2f,https://smartdashs3120108-dev.s3.amazonaws.com/public/ORG%23DCTOURS/bcc0be64-0821-46e4-9514-e7d484216c2f.jpg,content/blog-31.jpg,content
bebc7979-8c43-4a67-a858-13c7034e5899,https://smartdashs3120108-dev.s3.amazonaws.com/public/ORG%23DCTOURS/bebc7979-8c43-4a67-a858-13c7034e5899.jpg,content/toursbymoonlight-02.jpg,content
bff3c34e-1e34-4a2e-aab4-00a5a86d4d4d,https://smartdashs3120108-dev.s3.amazonaws.com/public/ORG%23DCTOURS/bff3c34e-1e34-4a2e-aab4-00a5a86d4d4d.jpg,content/dcservices-09.jpg,content
c1e7a72e-d297-49c0-bd1d-3e8b20c7d29d,https://smartdashs3120108-dev.s3.amazonaws.com/public/ORG%23DCTOURS/c1e7a72e-d297-49c0-bd1d-3e8b20c7d29d.png,content/experienceinauguration-04.png,content
c25a2e53-b487-4c9d-a812-8a6dcc316371,https://smartdashs3120108-dev.s3.amazonaws.com/public/ORG%23DCTOURS/c25a2e53-b487-4c9d-a812-8a6dcc316371.jpg,content/blog-32.jpg,content
c36f4621-8675-4de8-9963-79e7ac2fc4ed,https://smartdashs3120108-dev.s3.amazonaws.com/public/ORG%23DCTOURS/c36f4621-8675-4de8-9963-79e7ac2fc4ed.jpg,content/blog-33.jpg,content
c79e0dfc-d87b-4398-bac5-d231debcc965,https://smartdashs3120108-dev.s3.amazonaws.com/public/ORG%23DCTOURS/c79e0dfc-d87b-4398-bac5-d231debcc965.jpg,content/blog-34.jpg,content
c7c16080-d188-4753-acfd-b72f46f0e09f,https://smartdashs3120108-dev.s3.amazonaws.com/public/ORG%23DCTOURS/c7c16080-d188-4753-acfd-b72f46f0e09f.jpg,content/blog-35.jpg,content
c908a81f-f001-4a80-b146-84afc9bd2c5f,https://smartdashs3120108-dev.s3.amazonaws.com/public/ORG%23DCTOURS/c908a81f-f001-4a80-b146-84afc9bd2c5f.jpg,content/spring-outdoor-spots-dc-2025-02.jpg,content
cb18e076-e612-4859-9a72-8cdc3fd1a2bf,https://smartdashs3120108-dev.s3.amazonaws.com/public/ORG%23DCTOURS/cb18e076-e612-4859-9a72-8cdc3fd1a2bf.webp,content/about-15.webp,content
cb3fc3ce-19e1-4bdd-902c-c2da879900f7,https://smartdashs3120108-dev.s3.amazonaws.com/public/ORG%23DCTOURS/cb3fc3ce-19e1-4bdd-902c-c2da879900f7.webp,content/blog-36.webp,content
cb9b091a-a1de-4a97-a254-c0f8fddd73fb,https://smartdashs3120108-dev.s3.amazonaws.com/public/ORG%23DCTOURS/cb9b091a-a1de-4a97-a254-c0f8fddd73fb.webp,content/fun-facts-about-washington-dc-05.webp,content
cc7af6ae-68f9-4dec-815c-71f382392f19,https://smartdashs3120108-dev.s3.amazonaws.com/public/ORG%23DCTOURS/cc7af6ae-68f9-4dec-815c-71f382392f19.jpg,content/blog-37.jpg,content
cdfcb569-3117-40d3-b609-48a3fe727301,https://smartdashs3120108-dev.s3.amazonaws.com/public/ORG%23DCTOURS/cdfcb569-3117-40d3-b609-48a3fe727301.webp,content/blog-38.webp,content
cffc4bbe-8cb5-498d-8bbc-b6bda03d6b64,https://smartdashs3120108-dev.s3.amazonaws.com/public/ORG%23DCTOURS/cffc4bbe-8cb5-498d-8bbc-b6bda03d6b64.jpg,content/blog-39.jpg,content
d1060f75-3e53-4cbc-a985-41be4d0559d3,https://smartdashs3120108-dev.s3.amazonaws.com/public/ORG%23DCTOURS/d1060f75-3e53-4cbc-a985-41be4d0559d3.webp,content/about-16.webp,content
d13d49ba-f802-41d3-88d8-32a01390e7f0,https://smartdashs3120108-dev.s3.amazonaws.com/public/ORG%23DCTOURS/d13d49ba-f802-41d3-88d8-32a01390e7f0.jpg,content/washington-dc-holiday-events-guide-02.jpg,content
d2427b38-83eb-4e04-bf85-e2a2eefbae02,https://smartdashs3120108-dev.s3.amazonaws.com/public/ORG%23DCTOURS/d2427b38-83eb-4e04-bf85-e2a2eefbae02.jpg,content/privatedctours-03.jpg,content
d266d790-1688-46c2-826d-67cb1c95db30,https://smartdashs3120108-dev.s3.amazonaws.com/public/ORG%23DCTOURS/d266d790-1688-46c2-826d-67cb1c95db30.webp,content/5-key-benefits-of-opting-for-a-private-night-bus-t-02.webp,content
d2916f4f-f05f-4ec3-bff9-e5c1baf71d3f,https://smartdashs3120108-dev.s3.amazonaws.com/public/ORG%23DCTOURS/d2916f4f-f05f-4ec3-bff9-e5c1baf71d3f.webp,content/toursbymoonlight-03.webp,content
d2c552db-07f0-4ab5-b8bf-96a05e693d32,https://smartdashs3120108-dev.s3.amazonaws.com/public/ORG%23DCTOURS/d2c552db-07f0-4ab5-b8bf-96a05e693d32.jpg,content/blog-40.jpg,content
d322429a-5b43-4c29-9fdc-3020de55d721,https://smartdashs3120108-dev.s3.amazonaws.com/public/ORG%23DCTOURS/d322429a-5b43-4c29-9fdc-3020de55d721.webp,content/7-must-see-historical-landmarks-on-a-dc-bus-tour-03.webp,content
d39a54ab-3ce9-42f6-b298-50ce0df35c71,https://smartdashs3120108-dev.s3.amazonaws.com/public/ORG%23DCTOURS/d39a54ab-3ce9-42f6-b298-50ce0df35c71.jpg,content/onboarding-03.jpg,content
d3c15d92-3e22-4caf-9bb9-4d594ba8572d,https://smartdashs3120108-dev.s3.amazonaws.com/public/ORG%23DCTOURS/d3c15d92-3e22-4caf-9bb9-4d594ba8572d.webp,content/why-you-should-consider-dc-bus-tours-at-night-01.webp,content
d5742757-4b8b-4ab7-ae50-0e84338558b1,https://smartdashs3120108-dev.s3.amazonaws.com/public/ORG%23DCTOURS/d5742757-4b8b-4ab7-ae50-0e84338558b1.jpg,content/womens-history-dctours-2025-03.jpg,content
d5b6d84a-4275-47c8-b110-10c5838c4d65,https://smartdashs3120108-dev.s3.amazonaws.com/public/ORG%23SMARTDASH/d5b6d84a-4275-47c8-b110-10c5838c4d65.svg,content/dcservices-10.svg,branding
d6284851-1453-49dc-aa12-67c35ea02c61,https://smartdashs3120108-dev.s3.amazonaws.com/public/ORG%23DCTOURS/d6284851-1453-49dc-aa12-67c35ea02c61.jpg,content/index-14.jpg,content
d70b7f74-0aa1-4d3b-8e24-8d0a2ee45c9c,https://smartdashs3120108-dev.s3.amazonaws.com/public/ORG%23DCTOURS/d70b7f74-0aa1-4d3b-8e24-8d0a2ee45c9c.jpg,content/dc-in-bloom-hidden-gardens-02.jpg,content
d777cbff-d07f-4bb5-a985-1d839fc9422b,https://smartdashs3120108-dev.s3.amazonaws.com/public/ORG%23DCTOURS/d777cbff-d07f-4bb5-a985-1d839fc9422b.jpg,content/index-15.jpg,content
da9f0ffc-34b6-4076-ac0b-1289e7e1c6f9,https://smartdashs3120108-dev.s3.amazonaws.com/public/ORG%23DCTOURS/da9f0ffc-34b6-4076-ac0b-1289e7e1c6f9.jpg,content/blog-41.jpg,content
dc3efacf-79c6-426d-a59f-868724a849a6,https://smartdashs3120108-dev.s3.amazonaws.com/public/ORG%23DCTOURS/dc3efacf-79c6-426d-a59f-868724a849a6.jpg,content/cherry-blossoms-dc-tours-april-02.jpg,content
dc9207ca-535e-4bf3-a06a-929a62f1f6e0,https://smartdashs3120108-dev.s3.amazonaws.com/public/ORG%23DCTOURS/dc9207ca-535e-4bf3-a06a-929a62f1f6e0.webp,content/about-17.webp,content
dcd056f6-f559-46f5-8833-72854ab41156,https://smartdashs3120108-dev.s3.amazonaws.com/public/ORG%23DCTOURS/dcd056f6-f559-46f5-8833-72854ab41156.jpg,content/toursbyday-03.jpg,content
dd7b2370-14cc-464e-bf5b-6eb316fd0bc3,https://smartdashs3120108-dev.s3.amazonaws.com/public/ORG%23DCTOURS/dd7b2370-14cc-464e-bf5b-6eb316fd0bc3.jpg,content/blog-42.jpg,content
de74e7e7-f22a-4e4c-882d-409dce0452c7,https://smartdashs3120108-dev.s3.amazonaws.com/public/ORG%23DCTOURS/de74e7e7-f22a-4e4c-882d-409dce0452c7.jpg,content/onboarding-04.jpg,content
e050b3d3-6cae-4e01-8ca1-b95e4b6182c5,https://smartdashs3120108-dev.s3.amazonaws.com/public/ORG%23DCTOURS/e050b3d3-6cae-4e01-8ca1-b95e4b6182c5.webp,content/discover-dc-hidden-gems-private-tours-01.webp,content
e4831ae4-2a7b-479c-a4f1-7640e0445c5f,https://smartdashs3120108-dev.s3.amazonaws.com/public/ORG%23DCTOURS/e4831ae4-2a7b-479c-a4f1-7640e0445c5f.jpg,content/cherry-blossom-season-dc-2025-01.jpg,content
e4f7d349-5286-4c45-855b-5544935d1b9f,https://smartdashs3120108-dev.s3.amazonaws.com/public/ORG%23DCTOURS/e4f7d349-5286-4c45-855b-5544935d1b9f.webp,content/about-18.webp,content
e7f84455-ee29-4eeb-9347-abf4432b70cb,https://smartdashs3120108-dev.s3.amazonaws.com/public/ORG%23DCTOURS/e7f84455-ee29-4eeb-9347-abf4432b70cb.jpg,content/cherry-blossom-season-dc-2025-02.jpg,content
e85cf41b-a9ba-43be-9a22-9470a53976cf,https://smartdashs3120108-dev.s3.amazonaws.com/public/ORG%23DCTOURS/e85cf41b-a9ba-43be-9a22-9470a53976cf.jpg,content/washington-dc-holiday-light-displays-01.jpg,content
e9bd0418-edc1-4182-a4e6-f083ea8c44f3,https://smartdashs3120108-dev.s3.amazonaws.com/public/ORG%23DCTOURS/e9bd0418-edc1-4182-a4e6-f083ea8c44f3.webp,content/blog-43.webp,content
e9f402ac-1287-46dc-a553-600311682979,https://smartdashs3120108-dev.s3.amazonaws.com/public/ORG%23DCTOURS/e9f402ac-1287-46dc-a553-600311682979.jpg,content/training-06.jpg,content
eb85213e-e34e-43f1-bd0d-20d0bee39ee4,https://smartdashs3120108-dev.s3.amazonaws.com/public/ORG%23DCTOURS/eb85213e-e34e-43f1-bd0d-20d0bee39ee4.jpg,content/winter-highlights-guide-02.jpg,content
ecd75c26-bfce-41f0-84e4-258764a312bd,https://smartdashs3120108-dev.s3.amazonaws.com/public/ORG%23DCTOURS/ecd75c26-bfce-41f0-84e4-258764a312bd.jpg,content/training-07.jpg,content
ed07a7bc-d446-425f-b438-6e062c22f859,https://smartdashs3120108-dev.s3.amazonaws.com/public/ORG%23DCTOURS/ed07a7bc-d446-425f-b438-6e062c22f859.jpg,content/spring-memorials-museums-dc-tours-april-02.jpg,content
edb37890-a020-4863-ae65-282ed8ec4ce3,https://smartdashs3120108-dev.s3.amazonaws.com/public/ORG%23DCTOURS/edb37890-a020-4863-ae65-282ed8ec4ce3.jpg,content/blog-44.jpg,content
ee20d987-6777-43a1-98af-a471367c7dbc,https://smartdashs3120108-dev.s3.amazonaws.com/public/ORG%23DCTOURS/ee20d987-6777-43a1-98af-a471367c7dbc.jpg,content/privacy-01.jpg,content
ef40ecb3-ff84-4825-9d9c-cfd711abda13,https://smartdashs3120108-dev.s3.amazonaws.com/public/ORG%23DCTOURS/ef40ecb3-ff84-4825-9d9c-cfd711abda13.jpg,content/washington-dc-holiday-light-displays-02.jpg,content
f334d549-d7b8-4851-b901-d596554f4adb,https://smartdashs3120108-dev.s3.amazonaws.com/public/ORG%23DCTOURS/f334d549-d7b8-4851-b901-d596554f4adb.jpg,content/toursatnight-04.jpg,content
f44edd87-c559-48f1-9e78-102333b673b9,https://smartdashs3120108-dev.s3.amazonaws.com/public/ORG%23DCTOURS/f44edd87-c559-48f1-9e78-102333b673b9.jpg,content/experienceinauguration-05.jpg,content
f45bc338-3f83-411a-9b17-fc4fd2659b2c,https://smartdashs3120108-dev.s3.amazonaws.com/public/ORG%23DCTOURS/f45bc338-3f83-411a-9b17-fc4fd2659b2c.webp,content/5-key-benefits-of-opting-for-a-private-night-bus-t-03.webp,content
f6a3dcce-7bb0-484b-bace-fa5218c0f8d6,https://smartdashs3120108-dev.s3.amazonaws.com/public/ORG%23DCTOURS/f6a3dcce-7bb0-484b-bace-fa5218c0f8d6.png,content/index-16.png,content
f7141911-a2e9-4347-a72e-6f58210b8367,https://smartdashs3120108-dev.s3.amazonaws.com/public/ORG%23DCTOURS/f7141911-a2e9-4347-a72e-6f58210b8367.jpg,content/vipservice-02.jpg,content
f7557a5b-2dfd-4595-b5b9-28618fd15ad5,https://smartdashs3120108-dev.s3.amazonaws.com/public/ORG%23DCTOURS/f7557a5b-2dfd-4595-b5b9-28618fd15ad5.jpg,content/family-holiday-activities-washington-dc-02.jpg,content
f75c0378-7730-4773-bb07-044647e9416e,https://smartdashs3120108-dev.s3.amazonaws.com/public/ORG%23DCTOURS/f75c0378-7730-4773-bb07-044647e9416e.png,content/experienceinauguration-06.png,content
f8d85c65-df28-4e02-8519-0a020758fb03,https://smartdashs3120108-dev.s3.amazonaws.com/public/ORG%23DCTOURS/f8d85c65-df28-4e02-8519-0a020758fb03.jpg,content/toursbymoonlight-04.jpg,content
f963b749-aa0f-421d-abc3-8ba1cd854812,https://smartdashs3120108-dev.s3.amazonaws.com/public/ORG%23DCTOURS/f963b749-aa0f-421d-abc3-8ba1cd854812.jpg,content/blog-45.jpg,content
fa426210-d6a2-4c02-a9be-4c478c3920f9,https://smartdashs3120108-dev.s3.amazonaws.com/public/ORG%23DCTOURS/fa426210-d6a2-4c02-a9be-4c478c3920f9.jpg,content/hidden-gardens-terraces-spring-dc-tours-02.jpg,content
fbd73a6c-24dc-413a-b618-2aad71ee3fef,https://smartdashs3120108-dev.s3.amazonaws.com/public/ORG%23DCTOURS/fbd73a6c-24dc-413a-b618-2aad71ee3fef.webp,content/toursbyday-04.webp,content
fd57597c-5f59-469f-9f76-2fec59bb455c,https://smartdashs3120108-dev.s3.amazonaws.com/public/ORG%23SMARTDASH/fd57597c-5f59-469f-9f76-2fec59bb455c.svg,icons/site-icon-11.svg,icons
fe6963f4-f645-4608-a0e2-f5ecb534b24b,https://smartdashs3120108-dev.s3.amazonaws.com/public/ORG%23DCTOURS/fe6963f4-f645-4608-a0e2-f5ecb534b24b.jpg,content/april-weatherproof-dc-bus-tour-02.jpg,content
